{
    "f1_score": 0.6390899689762151,
    "precision": 0.5202020202020202,
    "recall": 0.8284182305630027,
    "roc_auc_score": 0.8620092229341559,
    "confusion_matrix": [
        [
            751,
            285
        ],
        [
            64,
            309
        ]
    ],
    "classification_report": {
        "0.0": {
            "precision": 0.9214723926380368,
            "recall": 0.724903474903475,
            "f1-score": 0.8114532685035116,
            "support": 1036.0
        },
        "1.0": {
            "precision": 0.5202020202020202,
            "recall": 0.8284182305630027,
            "f1-score": 0.6390899689762151,
            "support": 373.0
        },
        "accuracy": 0.752306600425834,
        "macro avg": {
            "precision": 0.7208372064200286,
            "recall": 0.7766608527332388,
            "f1-score": 0.7252716187398633,
            "support": 1409.0
        },
        "weighted avg": {
            "precision": 0.8152453884374448,
            "recall": 0.752306600425834,
            "f1-score": 0.7658240912688191,
            "support": 1409.0
        }
    }
}